{"X_thresholds": [0.2622146881920485, 0.3039116199045376, 0.3045410259456252, 0.3140909666998782, 0.31776094568293023, 0.35812687273130484, 0.35819110111848323, 0.36554800210277616, 0.3655731765691738, 0.38587398666664396, 0.38588023475270816, 0.39397357318824844, 0.39401199695268463, 0.42257849684911364, 0.42259024509330906, 0.4343938556171168, 0.4343942451617025, 0.45985862483029544, 0.45987017490367726, 0.4614728787987518, 0.4614775605263706, 0.46478617331995986, 0.46478629106379366, 0.4906725137515406, 0.4906754934778755, 0.4985455149546275, 0.4985605258544389, 0.5028516686410405, 0.502867575426937, 0.5055460177935636, 0.5055460479746894, 0.5070086786520963, 0.5070243966991371, 0.5145623822624795, 0.5145631564037545, 0.5353703525205548, 0.5353839018241915, 0.539864963069314, 0.5398676068675473, 0.5419380731619815, 0.5419389972069045, 0.5475260917158832, 0.5475553471715546, 0.5531063199797523, 0.5531403608917762, 0.5566290837627687, 0.5566464106999475, 0.5686825608844394, 0.5687454764640536, 0.5795704773980372, 0.5795892251296114, 0.6048037583237553, 0.6048536072429669, 0.606507642634046, 0.6065089458401621, 0.6393534932510219, 0.639483979822291, 0.653242524274786, 0.6564588561695689, 0.6756033377010507], "y_thresholds": [0.23529411764705882, 0.23529411764705882, 0.25, 0.25, 0.3375796178343949, 0.3375796178343949, 0.3728813559322034, 0.3728813559322034, 0.39705882352941174, 0.39705882352941174, 0.4268292682926829, 0.4268292682926829, 0.43630214205186024, 0.43630214205186024, 0.43791946308724833, 0.43791946308724833, 0.4770017035775127, 0.4770017035775127, 0.48175182481751827, 0.48175182481751827, 0.49019607843137253, 0.49019607843137253, 0.4939543215405283, 0.4939543215405283, 0.5054347826086957, 0.5054347826086957, 0.5059382422802849, 0.5059382422802849, 0.5172413793103449, 0.5172413793103449, 0.5174825174825175, 0.5174825174825175, 0.5232383808095952, 0.5232383808095952, 0.530647985989492, 0.530647985989492, 0.536082474226804, 0.536082474226804, 0.5476190476190477, 0.5476190476190477, 0.5648414985590778, 0.5648414985590778, 0.5724137931034483, 0.5724137931034483, 0.579268292682927, 0.579268292682927, 0.5851528384279479, 0.5851528384279479, 0.5871886120996441, 0.5871886120996441, 0.5995085995085992, 0.5995085995085992, 0.6190476190476191, 0.6190476190476191, 0.6534653465346535, 0.6534653465346535, 0.6666666666666666, 0.6666666666666666, 1.0, 1.0], "training_size": 12991}