{"X_thresholds": [0.16754011100192134, 0.24312918168376527, 0.24368806109959318, 0.35033370528930563, 0.3506566852026662, 0.42689146345738543, 0.42700073630342317, 0.47479467817656634, 0.4747995584953469, 0.5021388119137498, 0.5021476846067314, 0.5461998906195213, 0.5462598676422814, 0.5540282622361283, 0.5540357693913501, 0.5640132384475153, 0.5640253389843729, 0.5891992167912583, 0.5892066576582061, 0.6066288072649573, 0.6066545751530685, 0.6164582252937726, 0.6165058036316763, 0.6550634658322698, 0.6551171674177854, 0.6585870490898131, 0.6586154982949183, 0.7559458773166514, 0.7560485504556422, 0.8264078493807608, 0.8264564390874913, 0.8501439557011623, 0.851947610579941, 0.8912761241291768], "y_thresholds": [0.0, 0.0, 0.3829787234042553, 0.3829787234042553, 0.43529411764705883, 0.43529411764705883, 0.4615993665874901, 0.4615993665874901, 0.4622067767158992, 0.4622067767158992, 0.47400487408610886, 0.47400487408610886, 0.49792531120331934, 0.49792531120331934, 0.5, 0.5, 0.5069767441860465, 0.5069767441860465, 0.5155466399197592, 0.5155466399197592, 0.5452586206896554, 0.5452586206896554, 0.552682611506141, 0.552682611506141, 0.5769230769230769, 0.5769230769230769, 0.5851528384279475, 0.5851528384279475, 0.6237623762376238, 0.6237623762376238, 0.6666666666666666, 0.6666666666666666, 0.7142857142857143, 0.7142857142857143], "training_size": 12991}