{"X_thresholds": [0.10135987710072095, 0.17308557867966176, 0.17547134643060366, 0.274153415424927, 0.27426846296710505, 0.3567826399877285, 0.35683357155306455, 0.4046875123529879, 0.40469781654511783, 0.44650284247719696, 0.44654035043739465, 0.47168955777580623, 0.471693577642365, 0.4773252420988004, 0.4773334937435281, 0.4908238035232123, 0.49083723131646423, 0.5031457103238876, 0.5031532831287704, 0.5406154686749379, 0.5406266858037087, 0.5495049455151807, 0.549508545168342, 0.5599670564818117, 0.5599894026742767, 0.5973330169413966, 0.5973655186715308, 0.6045463868475976, 0.6046014784392196, 0.61694321389667, 0.6169834908618568, 0.7202516955343726, 0.7210084548585687, 0.7366250403497827, 0.7367828525155111, 0.7932049481601756, 0.7962040972885859, 0.825370334250497, 0.8293013693617178, 0.871481158736155], "y_thresholds": [0.0, 0.0, 0.4067796610169492, 0.4067796610169492, 0.4160246533127888, 0.4160246533127888, 0.4538188277087033, 0.4538188277087033, 0.4705882352941177, 0.4705882352941177, 0.47178683385579945, 0.47178683385579945, 0.4782608695652173, 0.4782608695652173, 0.48162230671736384, 0.48162230671736384, 0.49740259740259735, 0.49740259740259735, 0.5139289145052832, 0.5139289145052832, 0.5181818181818181, 0.5181818181818181, 0.5362035225048923, 0.5362035225048923, 0.5533240997229918, 0.5533240997229918, 0.5586592178770949, 0.5586592178770949, 0.575, 0.575, 0.5873015873015874, 0.5873015873015874, 0.6153846153846154, 0.6153846153846154, 0.6222222222222222, 0.6222222222222222, 0.6666666666666666, 0.6666666666666666, 0.7142857142857143, 0.7142857142857143], "training_size": 12991}