{"X_thresholds": [0.11787440807560594, 0.18021283910330274, 0.18098875023294964, 0.27986433754079426, 0.2799083223947014, 0.35480188958721076, 0.3548355623467109, 0.3644673634594287, 0.3644993180454293, 0.408347918306067, 0.4083788152140922, 0.44411714336401226, 0.4441462427531498, 0.48702125832021204, 0.4870418032503776, 0.48852438187726677, 0.4885283387447562, 0.5024340173627356, 0.5024354993838539, 0.5538915905983806, 0.553933533745773, 0.5656906640848868, 0.5656965877952925, 0.6097521595322942, 0.6097624180299963, 0.612276668728606, 0.6123110417204798, 0.7126487567821514, 0.7128818273803134, 0.7961425842145753, 0.8002424042738222, 0.8250873593026092, 0.8276086369490427, 0.871481158736155], "y_thresholds": [0.0, 0.0, 0.38461538461538464, 0.38461538461538464, 0.4275491949910555, 0.4275491949910555, 0.45, 0.45, 0.4578853046594982, 0.4578853046594982, 0.467595818815331, 0.467595818815331, 0.47389033942558745, 0.47389033942558745, 0.47435897435897434, 0.47435897435897434, 0.47871116225546606, 0.47871116225546606, 0.5174849876368773, 0.5174849876368773, 0.5451127819548872, 0.5451127819548872, 0.5548260013131978, 0.5548260013131978, 0.5735294117647058, 0.5735294117647058, 0.5859621451104098, 0.5859621451104098, 0.6194690265486725, 0.6194690265486725, 0.6666666666666666, 0.6666666666666666, 0.7142857142857143, 0.7142857142857143], "training_size": 12991}