{"X_thresholds": [0.2622, 0.3039, 0.3045, 0.3141, 0.3178, 0.3581, 0.3582, 0.3857, 0.3858, 0.3859, 0.3939, 0.394, 0.4337, 0.4338, 0.4345, 0.4346, 0.4598, 0.4599, 0.4906, 0.4907, 0.4908, 0.5028, 0.5029, 0.507, 0.5071, 0.5137, 0.5138, 0.5256, 0.5257, 0.5258, 0.5259, 0.5419, 0.542, 0.5669, 0.567, 0.5687, 0.5688, 0.5796, 0.5797, 0.6048, 0.6049, 0.6072, 0.6074, 0.6094, 0.6095, 0.6375, 0.6385, 0.6394, 0.6395, 0.6532, 0.6565, 0.6756], "y_thresholds": [0.23529411764705882, 0.23529411764705882, 0.2857142857142857, 0.2857142857142857, 0.3488372093023256, 0.3488372093023256, 0.3954154727793696, 0.3954154727793696, 0.4, 0.4175824175824176, 0.4175824175824176, 0.43930991990141716, 0.43930991990141716, 0.45901639344262296, 0.45901639344262296, 0.4717999019127023, 0.4717999019127023, 0.49011609664261063, 0.49011609664261063, 0.5, 0.5043352601156069, 0.5043352601156069, 0.5150905432595574, 0.5150905432595574, 0.5178571428571429, 0.5178571428571429, 0.5205811138014529, 0.5205811138014529, 0.5384615384615384, 0.5384615384615384, 0.5407407407407409, 0.5407407407407409, 0.5709294199860238, 0.5709294199860238, 0.5769230769230769, 0.5769230769230769, 0.5953757225433525, 0.5953757225433525, 0.6025917926565875, 0.6025917926565875, 0.6153846153846154, 0.6153846153846154, 0.625, 0.625, 0.6391752577319587, 0.6391752577319587, 0.6666666666666666, 0.6666666666666666, 0.7, 0.7, 1.0, 1.0], "training_size": 15488}