{"X_thresholds": [0.2609255273902866, 0.30529780879201046, 0.3058369906745701, 0.31444707424286716, 0.31636850818246465, 0.3564998982903251, 0.356622095147152, 0.3754973841768377, 0.3755127827384486, 0.386211920239432, 0.3862349818523716, 0.39553954137096775, 0.39557154345165424, 0.4349642094407616, 0.4349672136155565, 0.4648705325467951, 0.4648829149842445, 0.4651344863972861, 0.46513971770893126, 0.4873061245181099, 0.48731162933202316, 0.4989730353053566, 0.49898289707181703, 0.5068652877086223, 0.5068691010647423, 0.5362625465592828, 0.5362775027473182, 0.5397594919288156, 0.5397790426267186, 0.5451456234288787, 0.5452114026413277, 0.5510975583753904, 0.5511068416454882, 0.5689952456991828, 0.5690029590819649, 0.6049466584336709, 0.604971198784104, 0.6381343232138462, 0.6385114184147702, 0.6535291232430004, 0.6573884747790953, 0.67323559111345], "y_thresholds": [0.2222222222222222, 0.2222222222222222, 0.2727272727272727, 0.2727272727272727, 0.33561643835616434, 0.33561643835616434, 0.3869047619047619, 0.3869047619047619, 0.39655172413793105, 0.39655172413793105, 0.43157894736842106, 0.43157894736842106, 0.43534190927555855, 0.43534190927555855, 0.47795497185741087, 0.47795497185741087, 0.48148148148148145, 0.48148148148148145, 0.49549071618037155, 0.49549071618037155, 0.5031847133757962, 0.5031847133757962, 0.5093833780160858, 0.5093833780160858, 0.5284618490109003, 0.5284618490109003, 0.5315315315315315, 0.5315315315315315, 0.5635838150289015, 0.5635838150289015, 0.5766871165644172, 0.5766871165644172, 0.5779310344827587, 0.5779310344827587, 0.5959302325581393, 0.5959302325581393, 0.6583333333333333, 0.6583333333333333, 0.6666666666666666, 0.6666666666666666, 1.0, 1.0], "training_size": 12991}