{"X_thresholds": [0.2622146881920485, 0.3039116199045376, 0.3045410259456252, 0.3140909666998782, 0.31776094568293023, 0.35812687273130484, 0.35819110111848323, 0.3857107670725361, 0.3857400832769874, 0.39397357318824844, 0.39401199695268463, 0.42257849684911364, 0.42259024509330906, 0.4343938556171168, 0.4343942451617025, 0.43449272060391375, 0.4344981035767433, 0.45985862483029544, 0.45987017490367726, 0.4906725137515406, 0.4906754934778755, 0.5028210936594916, 0.5028371611616398, 0.5070086786520963, 0.5070243966991371, 0.5137999094534458, 0.5138193162773699, 0.5258537154820682, 0.5258563515483475, 0.5410075901304086, 0.5410206742584185, 0.5419380731619815, 0.5419389972069045, 0.5687286060431945, 0.5687454764640536, 0.5795964734835731, 0.5796400002346282, 0.6048037583237553, 0.6048536072429669, 0.6072419713640971, 0.6073986780169754, 0.6094144584794684, 0.6095107012702714, 0.637547031129531, 0.6384977011038845, 0.6393534932510219, 0.639483979822291, 0.653242524274786, 0.6564588561695689, 0.6756033377010507], "y_thresholds": [0.23529411764705882, 0.23529411764705882, 0.2857142857142857, 0.2857142857142857, 0.3488372093023256, 0.3488372093023256, 0.39481268011527376, 0.39481268011527376, 0.41798941798941797, 0.41798941798941797, 0.4381909547738693, 0.4381909547738693, 0.43862275449101795, 0.43862275449101795, 0.46153846153846156, 0.46153846153846156, 0.4722631320569465, 0.4722631320569465, 0.4895767530006317, 0.4895767530006317, 0.5046931407942236, 0.5046931407942236, 0.5141129032258065, 0.5141129032258065, 0.5190217391304348, 0.5190217391304348, 0.5201612903225807, 0.5201612903225807, 0.5388453314326443, 0.5388453314326443, 0.5428571428571428, 0.5428571428571428, 0.5713333333333335, 0.5713333333333335, 0.5941176470588235, 0.5941176470588235, 0.6034482758620688, 0.6034482758620688, 0.6153846153846154, 0.6153846153846154, 0.625, 0.625, 0.6391752577319587, 0.6391752577319587, 0.6666666666666666, 0.6666666666666666, 0.7, 0.7, 1.0, 1.0], "training_size": 15409}